Company,Valuation (Billion USD),Date,Industry,Country,Founder(s)
ByteDance,268,December 2023 (2023-12)[17],Internet,China,"Zhang Yiming, Liang Rubo"
SpaceX,175,December 2023 (2023-12) [18],Aerospace,United States,Elon Musk
OpenAI,80-90,September 2023 (2023-09)[19],Artificial intelligence,United States,"Sam Altman, Greg Brockman, Ilya Sutskever"
Shein,66,May 2023 (2023-05) [13],E-commerce,China,Chris Xu
Stripe,50,March 2023 (2023-03) [13],Financial services,Ireland,Patrick and John Collison
Databricks,43,September 2023 (2023-09)[13],Software,United States,Ali Ghodsi
Anthropic,20-30,October 2023 (2023-10) [20],Artificial Intelligence,United States,Dario Amodei
Epic Games,31.5,June 2022 (2022-06)[13],Video games,United States,Tim Sweeney
Telegram,30,January 2021 (2021-01)[21],Internet,Russia / United Arab Emirates / France,Nikolai and Pavel Durov
Fanatics,27,June 2022 (2022-06)[13],E-commerce,United States,"Alan Trager, Mitch Trager, Michael Rubin[22]"
Chime,25,June 2022 (2022-06)[13],Financial services,United States,Chris Britt and Ryan King
Canva,25,September 2023 (2023-09) [23],Graphic design,Australia,"Melanie Perkins, Clifford Obrecht, Cameron Adams"
Byju's,22,June 2022 (2022-06)[13],Educational technology,India,"Byju Raveendran, Divya Gokulnath"
J&T Express,20,June 2022 (2022-06)[13],Logistics,Indonesia,"Jet Lee, Tony Chen"
Revolut,17.7,April 2023 (2023-04)<[24],Financial technology,United Kingdom,"Nikolay Storonsky, Vlad Yatsenko"
Miro,17.5,January 2022 (2022-01)[25],Software,United States,Andrey Khusid
Nature's Fynd,Undisclosed,July 2021 (2021-07)[26],Consumer packaged goods,United States,"Thomas Jonas, Mark Kozubal, Yuval Avniel, Rich Macur, Daniel Livny, Matthew Strongin"
Trendyol,16.5,May 2021 (2021-05)[27],E-commerce,Turkey,Demet Mutlu
Yuanfudao,15.5,October 2020 (2020-10)[28],Educational technology,China,Yong Li
Discord,15,September 2021 (2021-09)[29],Software,United States,"Jason Citron, Stanislav Vishnevsky"
DJI,15,September 2016 (2016-09)[1],Technology,China,Frank Wang (Wang Tao)
GoPuff,15,July 2021 (2021-07)[30],E-commerce,United States,"Yakir Gola, Rafael Ilishayev"
Xiaohongshu,14,September 2023 (2023-09)[31],E-commerce,China,"Miranda Qu Fang, Charlwin Mao Wenchao"
Plaid,13.4,April 2021 (2021-04)[32],Financial technology,United States,"Zach Perret, William Hockey"
OpenSea,13.3,January 2022 (2022-01)[33],Blockchain,United States,Devin Finzer
Grammarly,13,November 2021 (2021-11)[34],Collaborative software,Ukraine[35]/United States[36],"Alex Shevchenko, Max Lytvyn, and Dmytro Lider"
Devoted Health,12.6,October 2021 (2021-10)[37],Healthcare,United States,Todd Park
Faire,12.4,November 2021 (2021-11)[38],E-commerce,United States,Max Rhodes
Brex,12.3,October 2021[39],Finance,United States,Henrique Dubugras and Pedro Franceschi
Biosplice Therapeutics,12,April 2021[40],Health,United States,Osman Kibar
Bitmain,12,June 2018[citation needed],Cryptocurrency,China,Jihan Wu
GoodLeap,12,October 2021[41],Financial technology,United States,"Hayes Barnard, Jason Walker, Matt Dawson"
SenseTime,12,January 2021[42],Artificial intelligence,China / Hong Kong,Tang Xiao'ouXu Li
Getir,12,March 2022[43],Retail,Turkey,Nazım Salur
Northvolt,11.75,June 2021[44],Batteries,Sweden,"Peter Carlsson, Paolo Cerrutim, Harald Mix, Carl-Erik Lagercrantz"
Airtable,11,December 2021[45],Collaborative software,United States,"Howie Liu, Andrew Ofstad, Emmett Nicholas"
Checkout.com,11,December 2022 (2022-12)[13],Financial technology,United Kingdom,Guillaume Pousaz
Celonis,11,June 2021[46],Software,Germany,"Alex Rinke, Bastian Nominacher, Martin Klenk"
ZongMu Technology,11,June 2021[47],Self-driving cars,China,Tang Rui[48]
Bolt Financial,11,January 2022[49],Financial technology,United States,Ryan Breslow
Alchemy,10.2,January 2022 [50],Blockchain,United States,Joe Lau and Nikil Viswanathan
Swiggy,5.5,January 2022[51],Food delivery,India,"Nandan Reddy, Sriharsha Majety"
Aurora,10,December 2020[52],Self-driving cars,United States,
Chehaoduo,10,July 2021[53],Marketplace,China,
Digital Currency Group,10,November 2021[54],Venture capital,United States,
Figma,10,June 2021[55],Software,United States,Dylan Field and Evan Wallace
Gusto,10,August 2021[56],Software,United States,Joshua Reeves and Edward Kim
KuCoin,10,May 2022[57],Cryptocurrency,Seychelles,
Lalamove,10,January 2021[58],Supply chain management,Hong Kong / China,
Notion Labs,10,October 2021[59],Productivity software,United States,
Polygon Technology,10,February 2022[60],"Blockchain, Web3",India,
Reddit,10,August 2021[61],Internet media,United States,"Steve Huffman, Aaron Swartz, Alexis Ohanian"
Ripple,10,December 2019[62],Cryptocurrency,United States,
Talkdesk,10,August 2021[63],Software as a service,Portugal / United States,"Cristina Fonseca, Tiago Paiva"
Oyo,9.6,August 2021[64],Hospitality,India,Ritesh Agarwal
Klaviyo,9.5,May 2021[65],Marketing,United States,
OutSystems,9.5,February 2021[66],Software development,United States[67],
ServiceTitan,9.5,June 2021[68],Software,United States,
HeyTea,9.3,July 2021[69],Retail,China,
VAST Data,9,December 2023 (2023-12)[70],Data storage,United States,
Tanium,9,June 2020[71],Cybersecurity,United States,"David Hindawi, Orion Hindawi"
Kavak,8.7,October 2021[72],Marketplace,Mexico,
Rapyd,8.7,August 2021[73],Financial technology,United Kingdom,
Nuro,8.6,November 2021[74],Robotics,United States,
Snyk,8.5,September 2021[75],Application security,United Kingdom,
Bolt,8.4,January 2022[76],Transportation,Estonia / France,Markus Villig
Lacework,8.3,November 2021[77],Cloud security,United States,
Ramp,8.1,March 2022[78],Financial technology,United States,
Tempus,8.1,December 2020[79],Health,United States,
Dream11,8,November 2021[80],Fantasy sports,India,"Harsh Jain, Bhavit Sheth"
Flexport,8,February 2022[81],Logistics,United States,Ryan Petersen
StarkWare Industries,8,May 2022 [82],Blockchain,Israel,"Eli Ben-Sasson, Michael Riabzev, Uri Kolodny, Alessandro Chiesa"
Hopin,7.75,August 2021[83],Virtual event,United Kingdom,
Dapper Labs,7.6,September 2021[84],NFT,Canada,
Netskope,7.5,July 2021[85],Computer security,United States,"Sanjay Beri, Lebin Cheng, Ravi Ithal, Krishna Narayanaswamy"
Razorpay,7.5,December 2021[86],Financial technology,India,"Harshil Mathur, Shashank Kumar"
Carta,7.4,August 2021[87],Software,United States,Henry Ward
Ola Cabs,7.3,December 2021[88],Transportation,India,"Bhavish Aggarwal, Ankit Bhati"
Scale AI,7.3,April 2021[89],Artificial intelligence,United States,
Gong,7.25,June 2021[90],Artificial intelligence,United States,
TripActions,7.25,October 2021[91],Travel,United States,Ariel Cohen and Ilan Twig
CoreWeave,7,December 2023 (2023-12)[92],Cloud Computing,United States,"Brannin McBee, Brian Venturo, Michael Intrator"
Automation Anywhere,6.8,November 2019[93],Robotic process automation,United States,
1Password,6.8,July 2021[94],Password manager,Canada,
WeDoctor,6.8,February 2021[95],Healthcare,China,
Yanolja,6.7,July 2021[96],Hospitality,South Korea,Lee Su-jin
Ziroom,6.6,March 2020[97],Real estate technology,China,
Klarna,6.5,July 2022[98],Financial technology,Sweden,"Sebastian Siemiatkowski, Niklas Adalberth, Victor Jacobsson"
Mollie,6.5,June 2021[99],Financial technology,Netherlands,
Rippling,11.25,August 2022[100],Workforce management,United States,Parker Conrad
CRED,6.4,June 2022[101],Financial technology,India,Kunal Shah
DataRobot,6.3,July 2021[102],Artificial intelligence,United States,
Personio,6.3,October 2021[103],Software,Germany,
Doctolib,6.2,August 2022[104],Healthcare,France,
Lianjia (Homelink),6.04,April 2017[105],Real estate,China,
Better.com,6,April 2021[106],Financial services,United States,
Wiz,6,October 2021[107],Cybersecurity,Israel,
Xingsheng Youxuan,6,January 2021[108],Retail,China,
Back Market,5.8,August 2022[104],Marketplace,France,
Vice Media,5.7,February 2020[109],Mass media,United States,
Contentsquare,5.6,August 2022[104],Software as a service,France,
Fivetran,5.6,September 2021[110],Data infrastructure,United States,
PharmEasy,5.6,October 2021[111],Health technology,India,Siddharth Shah
Postman,5.6,August 2021[112],Software as a service,India / United States,
Airwallex,5.5,November 2021[113],Financial services,Australia / Hong Kong,
PhonePe,5.5,December 2020[114],Financial technology,India,"Sameer Nigam, Rahul Chari"
Viva Republica (Toss),5.48,June 2021[115],Financial technology,South Korea,
Pony.ai,5.3,November 2020[116],Artificial intelligence,China / United States,"James Peng, Tiancheng Lou"
Trade Republic,5.3,May 2021[117],Financial technology,Germany,
Rappi,5.25,July 2021[118],Transportation,Colombia,
Blockchain.com,5.2,March 2021[119],Cryptocurrency,United Kingdom,
OneTrust,5.1,December 2020[120],Cybersecurity,United Kingdom / United States,
SambaNova,5.1,April 2021[121],Artificial intelligence,United States,
Collibra,5+,January 2019[122],Data governance,Belgium,"Pieter De Leenheer, Felix Van de Maele, Stijn Christiaens"
Thrasio,5+,October 2021[123],Holding company,United States,Josh Silberstein and Carlos Cashman
CloudKitchens,5,November 2019[124],Ghost kitchen,United States,
Hello TransTech,5,March 2021[125],Transportation,China,
Hopper,5,August 2021[126],Travel,Canada,
JUUL Labs,5,October 2019[127],Electronic cigarettes,United States,
OfBusiness,5,December 2021[128],B2B e-commerce,India,"Bhuvan Gupta, Vasant Sridhar, Ruchi Kalra, Nitin Jain, Asish Mohapatra"
Ola Electric,5,January 2022[129],Electric vehicles,India,Bhavish Aggarwal
Qonto,5,August 2022[104],Finance,France,
Ro,5,March 2021[130],Health technology,United States,
Royole,5,August 2018[131],Flexible electronics,China / United States,
UBtech Robotics,5,May 2018[132],Robotics,China
GetBlock,4.6,June 2020[citation needed],Blockchain,Georgia,Steven Lloyd
United Imaging Healthcare,5,September 2017[133],Healthcare,China,
Zepz,5,August 2021[134],Financial technology,United Kingdom,
Animoca Brands,5,January 2022[135],Blockchain gaming,Hong Kong,Yat Siu
Octopus Energy,5,December 2021[136],Energy supply,United Kingdom,
Meesho,4.9,September 2021[137],E-commerce,India,"Vidit Aatrey, Sanjeev Barnwal"
Pleo,4.7,December 2021[138],Financial technology,Denmark,
Anduril Industries,4.6,June 2021[139],Defense technology,United States,Palmer Luckey
Checkr,4.6,August 2021[140],Human resource management,United States,
Dataiku,4.6,August 2021[141],Artificial intelligence,France / United States,
Sorare,4.6,August 2022[104],Fantasy sports,France,
Magic Leap,4.5,February 2016[1][5],Augmented reality,United States,
Socure,4.5,November 2021[142],Identity management,United States,
Vinted,4.5,May 2021[143],Marketplace,Lithuania,"Milda Mitkutė, Justas Janauskas"
Zenefits,4.5,May 2015[2][5],Human resource management,United States,
Meizu,4.4,October 2016[133],Consumer electronics,China,
Outreach,4.4,June 2021[144],Sales,United States,
Arctic Wolf Networks,4.3,July 2021[145],Cybersecurity,United States,
Chainalysis,4.2,June 2021[citation needed][146],Blockchain,United States,
Relativity Space,4.2,June 2021[147],Aerospace,United States,
SSENSE,4.15,June 2021[148],E-commerce,Canada,
Bitpanda,4.1,August 2021[149],Cryptocurrency,Austria,
Dataminr,4.1,March 2021[150],Data analytics,United States,
Yello Mobile,4.05,November 2016[5][151],Software industry,South Korea,
Branch Metrics,4,February 2022[152],Marketing,United States,
BrowserStack,4,June 2021[153],Software,India,"Ritesh Arora, Nakul Aggarwal"
Clubhouse,4,April 2021[154],Messaging,United States,Paul Davison and Rohan Seth
Houzz,4,June 2017[155],Interior design,United States,
iCapital Network,4,July 2021[156],Financial services,United States,
Megvii,4,May 2019[157],Technology,China,
Melio,4,September 2021[158],Financial technology,Israel,
Next Insurance,4,March 2021[159],Insurance,United States,
Olive,4,June 2021[160],Health technology,United States,
Patreon,4,April 2021[161],Online membership service,United States,"Jack Conte, Sam Yam"
PointClickCare,4,January 2021[162],Software,Canada,
QuintoAndar [pt],4,May 2021[163],Real estate,Brazil,
Niantic,3.95,January 2019[164],Video games,United States,
StockX,3.8,April 2021[165],E-commerce,United States,
Articulate,3.75,July 2021[166],Educational technology,United States,
Cohesity,3.7,March 2021[167],Software,United States,
Noom,3.7,May 2021[168],Healthcare,United States,
Papaya Global,3.7,September 2021[169],Workforce management,Israel / United States,
ShareChat,3.7,December 2021[170],Social network,India,"Ankush Sachdeva, Bhanu Pratap Singh, Farid Ahsan"
WHOOP,3.6,August 2021[171],Wearable technology,United States,
Shouqi,3.55,December 2016[133],Transportation,China,
Alchemy,3.5,October 2021[172],Blockchain,United States,
Coalition,3.5,September 2021[173],Cybersecurity,United States,
Commure,3.5,September 2021[174],Health technology,United States,
Digit Insurance,3.5,July 2021[175],Insurance,India,Kamesh Goyal
Mirakl,3.5,September 2021[176],Marketplace,France,
N26,3.5,July 2019[177],Financial services,Germany,
OwnBackup,3.35,August 2021[178],Data storage,United States,
Preferred Networks,3.33,September 2019[179],Artificial intelligence,Japan,
CARS24,3.3,December 2021[180],Marketplace,India,"Vikram Chopra, Mehul Agrawal, Gajendra Jangid and Ruchit Agarwal"
Kurly,3.3,July 2021[181],E-commerce,South Korea,
Rubrik,3.3,January 2019[182],Computer storage,United States,"Bipul Sinha, Arvind Jain, Soham Mazumdar, Arvind Nithrakashyap"
Scopely,3.3,October 2020[183],Mobile gaming,United States,
WeRide,3.3,June 2021[184],Self-driving cars,China,
Youxia Motors,3.3,October 2018[185],Electric vehicles,China,
MoonPay,3.4,November 2021[186],Cryptocurrency,United States,
Unacademy,3.4,August 2021[187],Educational technology,India,Gaurav Munjal
Plus.ai,3.3,May 2021[188],Self-driving trucks,United States,
Starburst Data,3.3,February 2022[189],Data analytics,United States,
Thumbtack,3.2,June 2021[190],Software,United States,Marco Zappacosta
ApplyBoard,3.2,June 2021[191],Educational technology,Canada,"Martin Basiri, Massi Basiri, Meti Basiri"
Blockstream,3.2,August 2021[192],Blockchain,Canada,
ConsenSys,3.2,November 2021[193],Blockchain,United States,
Cybereason,3.2,July 2021[194],Cybersecurity,Israel / United States,
Eruditus,3.2,August 2021[195],Educational technology,India,
PsiQuantum,3.15,July 2021[196],Quantum computing,United States,
SpotOn,3.15,September 2021[197],Financial technology,United States,
TiendaNube,3.1,August 2021[198],E-commerce,Argentina,
SentinelOne,3.1,November 2020[199],Cybersecurity,United States,
Udaan,3.1,January 2021[200],B2B e-commerce,India,"Vaibhav Gupta, Amod Malviya, Sujeet Kumar"
Wildlife,3+,August 2020[201],Mobile gaming,Brazil,
CMR Surgical,3,January 2021[202],Robotics,United Kingdom,
Traveloka,3,January 2017[203],Travel,Indonesia,
ActiveCampaign,3,April 2021[204],Marketing,United States,
"Age of Learning, Inc.",3,June 2021[205],Education,United States,
Automattic,3,September 2019[206],Internet,United States,Matt Mullenweg
Calendly,3,January 2021[207],Software,United States,Tope Awotona[208]
Contentful,3,July 2021[209],Content management system,Germany,
Forter,3,May 2021[210],Software,Israel / United States,
Grafana Labs,3,August 2021[211],Software,United States,
Groww,3,April 2021[212],Financial technology,India,"Lalit Keshre, Harsh Jain, Ishan Bansal, Neeraj Singh"
Hinge Health,3,January 2021[213],Healthcare,United States,
Horizon Robotics,3,February 2018[214],Semiconductors,China,
Lucid Software,3,June 2021[215],Software,United States,
MessageBird,3,October 2020[216],Cloud communications,Netherlands,
Pine Labs,5,February 2022[217],Financial technology,India,"Lokvir Kapoor, Rajul Garg, Tarun Upaday"
Seismic,3,August 2021[218],Software,United States,
Sky Mavis,3,October 2021[219],Video games,Vietnam,
Souche,3,September 2018[220],Marketplace,China,
TradingView,3,October 2021[221],Finance,United Kingdom,
Upstox,3.4,November 2021[222],Financial technology,India,"Ravi Kumar, Kavitha Subramanian, Shrini Viswanath"
VANCL,3,February 2014[5],E-commerce,China,
Veepee,3,August 2022[104],E-commerce,France,
VIPKID,3,June 2018[223],Education,China,
Warby Parker,3,August 2020[224],Retail,United States,
Wefox,3,June 2021[225],Insurance,Germany,
Yixia Technology,3,November 2016[133],Internet media,China,
OVO,2.9,March 2019[7],Financial technology,Indonesia,
Workrise,2.9,May 2021[226],Workforce management,United States,
DriveWealth,2.85,August 2021[227],Financial technology,United States,
BharatPe,2.8,August 2021[228],Financial technology,India,Ashneer Grover
Graphcore,2.8,December 2020[229],Semiconductors,United Kingdom,
Icertis,2.8,March 2021[230],Software,India / United States,"Samir Bodas, Monish Darda."
OakNorth,2.8,February 2019[231],Finance,United Kingdom,
UnionPay,2.8,October 2016[133],Finance,China,
Urban Company,2.8,December 2021[232],Home improvement,India,
Bird,2.78,October 2019[233],Transportation,United States,
Convoy,2.75,November 2019[234],Trucking,United States,
Illumio,2.75,June 2021[235],Cybersecurity,United States,
MasterClass,2.75,May 2021[236],Educational technology,United States,
Zipline,2.75,June 2021[237],Logistics,United States,
Daangn Market,2.7,August 2021[238],E-commerce,South Korea,
Tridge,2.7,August 2022[239],Software as a service,South Korea,
Nextiva,2.7,September 2021[240],Software,United States,
Tradeshift,2.7,March 2021[241],Financial technology,United States,
Deliverect,1.4,January 2022[242],Ordering software for POS,Belgium,
Odoo,2.63,July 2021[243],CRM,Belgium,
AmWINS Group,2.6,October 2016[244],Insurance,United States,
ManoMano,2.6,July 2021[245],E-commerce,France,
Pendo,2.6,July 2021[246],Software,United States,
Sourcegraph,2.6,July 2021[247],Developer platform,United States,
Jumpcloud,2.56,September 2021[248],Software,United States,
Cato Networks,2.5,October 2021[249],Cybersecurity,Israel,
eToro,2.5,December 2020[250],Financial technology,Israel,"Yoni Assia, Ronen Assia, David Ring"
Infra.Market,2.5,August 2021[251],Marketplace,India,"Aaditya Sharda, Souvik Sengupta"
DriveNets,2.5+,August 2022[252],"Network operating system, Software-defined networking, Software as a service",Israel,"Ido Susan, Hillel Kobrinsky"
Lenskart,2.5,May 2021[253],Retail,India,"Peyush Bansal, Amit Chaudhary, Sumeet Kapahi"
Monzo,2.5,June 2019[254],Financial services,United Kingdom,
Ualá,2.45,November 2019[citation needed],Personal finance,Argentina,
HoneyBook,2.4,November 2021[255],Financial services,Israel / United States,
BitSight,2.4,September 2021[256],Cybersecurity,United States,"Nagarjuna Venna, Stephen Boyer"
Exabeam,2.4,June 2021[257],Cybersecurity,United States,
Paxos,2.4,April 2021[258],Cryptocurrency,United States,
Mozido,2.39,October 2014[5],E-commerce,United States,
Wemakeprice,2.33,September 2015[259],E-commerce,South Korea,Huh Min
Highspot,2.3,February 2021[260],Sales,United States,
MPL,2.3,September 2021[261],Mobile gaming,India,
Uptake,2.3,November 2017[262],Asset performance management,United States,
Algolia,2.25,June 2021[263],Software,France / United States,
KeepTruckin,2.25,June 2021[264],Logistics,United States,
Via Transportation,2.25,March 2020[265],Transportation,United States,
Zume,2.25,November 2018[266],"Food packaging, Logistics",United States,"Alex Garden, Julia Collins"
Acorns,2.2,May 2021[267],Financial technology,United States,
Bitso,2.2,May 2021[268],Cryptocurrency,Mexico,
Gympass,2.2,June 2021[269],Fitness,Brazil / United States,
Transmit Security,2.2,June 2021[270],Cybersecurity,Israel / United States,
Addepar,2.17,June 2021[271],Financial technology,United States,
Eightfold.ai,2.1+,June 2021[272],Artificial intelligence,United States,
PayFit,2.1,January 2022 (2022-01)[273],Software,France,"Ghislain de Fontenay, Firmin Zoccchetto, Florian Fournier"
6sense,2.1,March 2021[274],Artificial intelligence,United States,
C6 Bank [pt],2.1,December 2020[275],Financial services,Brazil,
Mambu,2.1,January 2021[276],Financial technology,Germany,
Moveworks,2.1,June 2021[277],Artificial intelligence,United States,
Nextdoor,2.1,May 2019[278],Social network,United States,
Webflow,2.1,January 2021[279],Web development,United States,
bKash,2+,November 2021[280][281],Mobile financial services,Bangladesh,Kamal Quadir
Babylon Health,2+,August 2019[282],Healthcare,United Kingdom,
Bought By Many,2+,June 2021[283],Insurance,United Kingdom,
FlixMobility,2+,August 2019[284],Transportation,Germany / France,
Tipalti,2+,October 2020[citation needed],Financial technology,United States / Israel,
XtalPi,2+,August 2021[285],Pharmaceuticals,China,
Hive,2,April 2021[286],Artificial intelligence,United States,"Kevin Guo, Dmitriy Karpman"
Mural,2,July 2021[287],Technology,Argentina / United States,Patricio Jutard
Aiven,2,October 2021[288],Data infrastructure,Finland,
AppsFlyer,2,November 2020[289],Mobile marketing analytics,Israel / United States,
Beijing Weiying Technology,2,April 2016[5],"E-commerce, movie ticket distributor",China,
BlaBlaCar,2,April 2021[290],Transportation,France,
Calm,2,December 2020[291],Digital health,United States,"Michael Acton Smith, Alex Tew"
Clearco,2,April 2021[292],Financial services,Canada,
ClickHouse,2,October 2021[293],Database management,United States,
Clip,2,June 2021[294],Financial technology,Mexico,
Cockroach Labs,2,January 2021[295],Database management,United States,
Divvy Homes,2,August 2021[296],Real estate technology,United States,
Druva,2,April 2021[297],Cloud computing,India / United States,
Exotec,2,August 2022[104],Robotics,France,
Firstp2p,2,September 2016[5],Financial services,China,
Formlabs,2,May 2021[298],3D printing,United States,
Huimin.cn,2,September 2016[133],B2B e-commerce,China,
Iterable,2,June 2021[299],Marketing,United States,
Kry,2,April 2021[300][301],Healthcare,Sweden,
Meicai.cn,2,June 2016[133],"Agriculture, E-commerce",China,
Mynt,2,November 2021[302],Financial technology,Philippines,
OPay,2,August 2021[303],Financial technology,Nigeria,
Oxford Nanopore Technologies,2,November 2012[304],Nanopore sequencing,United Kingdom,
Sword Health,2,November 2021[305],Health,Portugal / United States [67],
Taopiaopiao,2,July 2017[133],"E-commerce, movie ticket distributor",China,
Trendy International Group,2,February 2012[5][306],"Fashion, Retail",China / Hong Kong,
Unqork,2,October 2020[307],Software development,United States,
Zerodha,2,May 2021[308],Financial technology,India,
Zilch,2,November 2021[309],Financial technology,United Kingdom,
Akulaku,2,February 2022[310],Financial technology,Indonesia,
Ankorstore,1.98,August 2022[104],Marketplace,France,
Avant,1.98,September 2015[5],Consumer finance,United States,
Intarcia Therapeutics,1.95,September 2016[5],Pharmaceutical,United States,
ThoughtSpot,1.95,August 2019[311][312],Analytics,United States,
Yinlong Group,1.95,December 2016[133],Energy,China,
Sanpower Group,1.93,March 2018[133],Holding company,China,
ZigBang,1.93,June 2022[313],Property technology,South Korea,
Bunq,1.9,July 2021[314],Financial services,Netherlands,
CoinSwitch Kuber,1.9,October 2021[315],Cryptocurrency,India,"Ashish Singhal, Vimal Sagar Tiwari, Govind Soni"
Dfinity,1.9,August 2018[316],Cloud computing,Switzerland,
Prosper Marketplace,1.9,August 2015[5],Financial technology,United States,
Musinsa,1.89,November 2019[259],Fashion,South Korea,
Apus Group,1.85,August 2017[133],Mobile internet,China,
BenevolentAI,1.85,August 2015[5],Drug discovery,United Kingdom,
MEGAZONE,1.83,Aug 2022[317],Cloud computing,South Korea,
BillDesk,1.8,November 2018[318],Financial technology,India,"M.N. Srinivasu, Ajay Kaushal, Karthik Ganapathy"
Landa Digital Printing,1.8,June 2018[319],Printing,Israel,
Lightricks,1.8,September 2021[320],Software development,Israel,
NantOmics,1.8,June 2015[5],Biotechnology,United States,
Orca Security,1.8,October 2021[321],Cybersecurity,Israel,
Quora,1.8,April 2017[322],Social network,United States,
Zocdoc,1.8,August 2015[5],Healthcare,United States,
L&P Cosmetic,1.78,March 2018[259],Cosmetics,South Korea,
Creditas [pt],1.75,December 2020[citation needed],Financial services,Brazil,
Spinny,1.75,November 2021[323],Marketplace,India,"Niraj Singh, Ramanshu Mahaur, Ganesh Pawar, Mohit Gupta"
Trulioo,1.75,June 2021[324],Identity management,Canada,
ADVASA,1.7,January 2023 [325],Software,Japan,
AlphaSense,1.7,June 2022[326],Software,United States,
Dragos,1.7,October 2021[327],Cybersecurity,United States,
dutchie,1.7,March 2021[328],Cannabis,United States,
GVE,1.7,January 2023 [329],Software,Japan,
Harness,1.7,June 2021[330],Software,United States,Jyoti Bansal
PAX Labs,1.7,April 2019[331],Cannabis,United States,
Taihe Music Group,1.7,June 2018[133],,China,
Vestiaire Collective,1.7,September 2021[332],Marketplace,France,
Voodoo,1.7,August 2022[104],Gaming,France,
VTEX [pt],1.7,September 2020[333],Technology,Brazil,
Wave,1.7,September 2021[334],Financial technology,Senegal / United States,
Workato,1.7,December 2020,Technology,United States,
Alan,1.68,April 2021[335],Health technology,France,
GoStudent,1.67,June 2021[336],Educational technology,Austria,
Hibob,1.65,October 2021[337],HR technology,Israel /  United States,
Solarisbank,1.65,July 2021[338],Financial technology,Germany,
Wayflyer,1.6,Feb 2022[339],Financial technology,Ireland,
Afiniti,1.6,May 2017[340],Software development,United States,
Aiways,1.6,April 2018[133],Electric vehicles,China,
Caocao Zhuanche,1.6,January 2018[133],,China,
Clari,1.6,March 2021[341],Software,United States,
Clio,1.6,April 2021[342],Legal technology,Canada,
Cognite,1.6,May 2021,Software,Norway,
HomeLight,1.6,September 2021[343],Real estate,United States,
Infinidat,1.6,October 2017[citation needed],Data storage,Israel / United States,
Judo Bank,1.6,December 2020[344],Financial services,Australia,
Nord Security,1.6,April 2022[345],VPN service,Lithuania,"Tom Okman, Eimantas Sabaliauskas, Jonas Karklys"
SafetyCulture,1.6,May 2021[346],Technology,Australia,Luke Anear
SmartHR,1.6,May 2021[347],HR technology,Japan,
Unite Us,1.6,March 2021[348],Healthcare,United States,
CureFit,1.56,November 2021[349],,India,"Mukesh Bansal, Ankit Nagori"
HeartFlow,1.5+,February 2018[350],,United States,
Loom,1.53,May 2021[351],Video messaging,United States,
Aihuishou,1.5,January 2018[133],,China,
Andela,1.5,September 2021[352],Education,Nigeria/ United States,
Culture Amp,1.5,July 2021[353],Software,Australia,
Devo Inc,1.5,October 2021[354],Software,Spain,
Gett,1.5,May 2019[355],Transportation,Israel,
ID.me,1.5,March 2021[356],Identity verification service,United States,
Ledger,1.5,June 2021[357],Cryptocurrency,France,
Matillion,1.5,September 2021[358],Data analytics,United Kingdom,
MOLOCO,1.5,August 2021[359],Advertising technology,United States,
Molbio Diagnostics,1.5,February 2023[360],Medical Device,India,
Mu Sigma,1.5,February 2013[361],Management consulting,India / United States,
NextSilicon,1.5,June 2021[362],Semiconductors,Israel,
NotCo,1.5,July 2021[363],Food technology,Chile,
Podium,1.5,August 2019[364],Software,United States,
Remote,1.5,July 2021[365],Software,United States[67],
Spring Rain Software,1.5,June 2016[133],,China,
Starling Bank,1.5,March 2021[366],Financial technology,United Kingdom,
Tujia.com,1.5,October 2017[367][368],,China,
ZBJ.com,1.5,June 2015[133],,China,
Ascend Money,1.5,September 2021[369],Financial technology,Thailand,
Hellobike,1.47,June 2018[133],,China,
Suning Sports,1.47,July 2018[133],Holding company,China,
Koudai Gouwu,1.45,October 2014[133],,China,
M1 Finance,1.45,July 2021[370],Financial technology,United States,
Zeta,1.45,May 2021[371],Financial technology,India,"Bhavin Turakhia, Ramki Gaddipati"
Away,1.4,May 2019[372],Retail,United States,
Bucketplace,1.4,May 2022[373],Interior design,South Korea,
Cabify,1.4,January 2018[374],Transportation,Spain,
Chargebee,1.4,April 2021[375],Financial technology,India / United States,
Epidemic Sound,1.4,March 2021[376],Music,Sweden,"Peer Åström, David Stenmarck, Oscar Höglund, Jan Zachrisson"
FiscalNote,1.4,May 2021[377],Data analytics,United States,"Timothy Hwang, Gerald Yao, Jonathan Chen"
Five Star Finance,1.4,March 2021[378],Financial services,India,
Gupshup,1.4,April 2021[379],Messaging,India / United States,
IAD,1.4,Oct 2021[380],Real estate,France,
NetDocuments,1.4,May 2021[381],Software,United States,
"Panther Labs, Inc.",1.4,December 2021[382],Computer security,United States,Jack Naglieri
Pristyn Care,1.4,December 2021[383],Health technology,India,
"QOMPLX, Inc.",1.4,March 2021[citation needed],Computer security,United States,
Rebel Foods,1.4,October 2021[384],Ghost kitchen,India,
Stash,1.4,February 2021[385],Financial technology,United States,
Symphony,1.4,June 2019[386][387],Software,United States,
Voyager,1.4,April 2022[388],Financial technology,Philippines,
Yotpo,1.4,March 2021[389],Marketing,Israel / United States,
RIDI,1.33,August 2021[390],E-commerce,South Korea,
Zetwerk,1.33,August 2021[391],,India,
GPClub,1.32,December 2018[259],,South Korea,
DistroKid,1.3,August 2021[392],Music,United States,
ETCP,1.3,October 2016[133],,China,
Feedzai,1.3,March 2021[393],Artificial intelligence,Portugal / United States,
G2,1.3,June 2021[394],Technology,United States,"Tim Handorf, Godard Abel, Matt Gorniak, Mark Myers, Mike Wheeler"
Innovaccer,1.3,February 2021[395],Health care,India / United States,"Abhinav Shashank, Kanav Hasija, Sandeep Gupta"
Knotel,1.3,August 2019[396],,United States,
Konfio,1.3,September 2021[397],Financial services,Mexico,
Kr Space,1.3,June 2018[133],,China,
Yugabyte,1.3,October 2021[398],Database management,United States,
Incode,1.25,December 2021[399],Technology,Mexico,
Applied Intuition,1.25,October 2020[400],Software,United States,
BigID,1.25,May 2018[401],Cybersecurity,Israel / United States,
Deel,1.25,April 2021[402],,Israel / United States,
ezCater,1.25,April 2019[403],,United States,"Stefania Mallett, Briscoe Rodgers"
Iwjw,1.25,November 2015[133],,China,
Marshmallow,1.25,September 2021[404],Insurance,United Kingdom,
Rec Room,1.25,March 2021[405],Video games,United States,
Nexii,1.23,September 2021[406],Building services engineering,Canada,
Spiber,1.22,September 2021[407],Biotechnology,Japan,
Mamaearth,1.2,January 2022[408],Personal care,India,Varun Alagh and Ghazal Alagh
Merama,1.2,December 2021[409],E-commerce,Mexico,
Jokr,1.2,June 2021[410],Transportation,United States,
Ada,1.2,May 2021[411],Software,Canada,
Alation,1.2,June 2021[412],Software,United States,"Satyen Sangani, Aaron Kalb, Feng Niu, and Venky Ganti"
Apotea,1.2,April 2021[301],E-commerce,Sweden,
Axonius,1.2,March 2021[413],Cybersecurity,Israel / United States,
Byton,1.2,June 2018[133],Automotive,China,
CarDekho,1.2,October 2021[414],Marketplace,India,
Copado,1.2,September 2021,Software,Spain / United States,
Dada,1.2,August 2018[133],,China,
Dental Monitoring,1.2,October 2021[415],Healthcare,France,
Deutsche Health,1.2,August 2020[133],,Germany / Russia,
Droom,1.2,July 2021[416],Marketplace,India,Sandeep Aggarwal
Fair,1.2,December 2018[417],,United States,
FirstCry,1.2,February 2020[418],E-commerce,India,
FloQast,1.2,July 2021[419],Software,United States,
Forto,1.2,June 2021[420],Software,Germany,
Glossier,1.2,March 2019[421],,United States,
Intercom,1.2,March 2018[422],Software,United States,
Kyriba,1.2,October 2021[423],Cloud software,France,
MindTickle,1.2,August 2021[424],Software as a service,India,
MyGlamm,1.2,November 2021[425],E-commerce,India,
Triple-1,1.2,January 2023 [426],Blockchain,Japan,
Rohlik,1.2,June 2021[427],Retail,Czech Republic,
upGrad,1.2,August 2021[428],Educational technology,India,
Workhuman,1.2,June 2020[429],Software,Ireland,
Sysdig,1.18,April 2021[430],Cybersecurity,United States,
3DOM Alliance Inc.,1.1,January 2023 [431],Battery manufacturing,Japan,
Acko,1.1,October 2021[432],Insurance,India,
Apna,1.1,September 2021[433],,India,
Carousell,1.1,September 2021[434],Marketplace,Singapore,
CoinDCX,1.1,August 2021[435],Cryptocurrency,India,"Sumit Gupta, Neeraj Khandelwal"
Purplle,1.1,June 2022[436],E-Commerce,India,"Manish Taneja, Rahul Dash"
GlobalBees,1.1,December 2021[437],,India,
Luoji Siwei,1.1,September 2017[133],,China,
Nexthink,1.1,February 2021[438],Technology,Switzerland,
Sisense,1.1,January 2020[439],Business intelligence,Israel / United States,
SmartNews,1.1,August 2019[440],,Japan,
Trax,1.1,May 2019[441],,Singapore / Israel,
Virta Health,1.1,December 2020[442],Healthcare,United States,
Benevity,1.1,December 2020[443],Software as a service,Canada,Bryan de Lottinville
Zego,1.1,March 2021[444],Insurance,United Kingdom,
Instabase,2.0,June 2023[445],Software,United States,Anant Bhardwaj
Rivigo,1.05,October 2019[446],Logistics,India,"Deepak Garg, Gazal Kalra"
Aprogen,1.04,December 2019[313],,South Korea,
Character.ai,1,March 2023 (2023-03)[447],Artificial Intelligence,United States,"Daniel De Freitas, Noam Shazeer"
Pentera,1.0,January 2022[448],Cybersecurity,Israel,"Arik Liberzon, Arik Faingold[449]"
"VectorBuilder, Inc.",1+,"July 26, 2023[450]",Biotechnology,United States,"Bruce Lahn, Kristofer Mussar"
Emplifi,1+,March 2022[451],Technology,"United States, United Kingdom and Europe",
Gymshark,1+,August 2020[452],Sportswear,United Kingdom,"Ben Francis, Lewis Morgan"
Kopi Kenangan,1+,December 2021[453],Coffee shop,Indonesia,
Clara,1+,December 2021[454],Financial technology,Mexico,
58 Daojia,1+,October 2015[133],,China,
Acronis,1+,September 2019[455],Software,Singapore / Switzerland,
Aircall,1+,October 2021[456],Cloud,France,
Ajaib,1+,October 2021[457],Financial technology,Indonesia,
Amber Group,1+,June 2021[458],Cryptocurrency,Hong Kong,
AppDirect,1+,October 2015[459],,United States,
Aqua Security,1+,March 2021[460],Cloud computing,Israel,
Asia First Media,1+,September 2019[461],Media,Japan,
Assent Compliance,1+,January 2022[462],Supply chain management,Canada,
Beibei,1+,June 2016[133],E-commerce,China,
Blackbuck,1+,July 2021[463],Logistics,India,
Back market,1+,October 2021[464],E-commerce,France,
Bluecore,1+,August 2021[465],E-commerce,United States,
Bringg,1+,June 2021[466],Logistics,Israel,
"Cadence Solutions, Inc.",1+,December 2021[467],Healthcare,United States,Chris Altchek
Calabrio,1+,March 2021[468],Software,United States,
Carro,1+,June 2021[469],Marketplace,Singapore,
Carsome,1+,July 2021[470],Marketplace,Malaysia,
Chubao Technology,1+,May 2017[133],,China,
Dream Games,1+,June 2021[471],Video games,Turkey,
Dt Dream,1+,June 2017[133],,China,
Dunamu,1+,Jul 2021[472],Financial technology,South Korea
DXY,1+,April 2018[133],,China,
Earnix,1+,February 2021[473],Financial technology,Israel,
Ebanx,1+,October 2019[474],Financial services,Brazil
EMPG,1+,June 2020[475],Real estate technology,United Arab Emirates,
eSentire,1+,Feb 2022[476],Cybersecurity,Canada / United States,
Flash Express,1+,June 2021[477][478],Logistics,Thailand,
Flexe,1+,July 2022[479],Logistics,United States,Karl Siebrecht
Flutterwave,1+,March 2021[480],Financial technology,Nigeria / United States,
Fractal,1+,January 2022,Artificial intelligence,India / United States,
FreshBooks,1+,August 2021[481],Accounting software,Canada,
Frontline Education,1+,September 2017[482],,United States,
FXiaoKe,1+,January 2018[133],,China,
Gelato,1+,August 2021[483],,Norway,
GeoComply,1+,March 2021[484],Cybersecurity,Canada,
GetYourGuide,1+,May 2019[485],Travel,Germany,
Glance,1+,December 2020[486],Artificial intelligence,India,
Go1,1+,July 2021[487],Education,Australia,
GoGoVan,1+,September 2017[488],Technology,Hong Kong,
Gorillas,1+,March 2021[489],Retail,Germany,
Gousto,1+,November 2020[citation needed],Meal kit,United Kingdom,
Blinkit,1+,June 2021[490],Retail,India,
Grover,1+,April 2022 [491],E-commerce,Germany,Michael Cassau
Grove Collaborative,1+,September 2019[citation needed],,United States,
Hailo,1+,June 2021[492],Electronics,Israel,
HighRadius,1+,January 2020[493],Software as a service,India / United States,
Huikedu Group,1+,May 2018[133],,China,
iCarbonX,1+,July 2016[133],Healthcare,China,
IFood,1+,November 2018[494],Food delivery,Brazil,
IGAWorks,1+,Aug 2021[495],Advertising technology,South Korea,
Improbable,1+,May 2017[496],Cloud computing,United Kingdom,
Infobip,1+,July 2020[497],Cloud communications,Croatia,"Silvio Kutić, Izabel Jelenić, Roberto Kutić"
Injective,1+,April 2021[498],Financial technology,United States,"Eric Chen, Albert Chon"
InMobi,1+,May 2017[499],Internet,India,"Naveen Tewari, Mohit Saxena, Amit Gupta and Abhay Singhal"
InVision,1+,November 2017[500],,United States,
Ivalua,1+,May 2020[501],,France,
Jollychic,1+,May 2018[133],,China,
JoyTunes,1+,June 2021[502],Music,Israel,
Kitopi,1+,July 2021[503],Ghost kitchen,United Arab Emirates,
Klook,1+,April 2019[504][505],,Hong Kong,
Lamabang,1+,February 2017[133],,China,
LetsGetChecked,1+,June 2021[506],Healthcare,Ireland,
Licious,1+,October 2021[507],Retail,India,"Abhay Hanjura, Vivek Gupta"
Lydia,1+,August 2022[104],Finance,France,
Lilium GmbH,1+,June 2020[508],Transportation,Germany,
LinkSure Network (WiFi Master Key),1+,January 2015[133],,China,
Liquid Group,1+,April 2019[509],Cryptocurrency,Japan,
LMAX Group,1+,July 2021[510],Financial technology,United Kingdom,
Locus Robotics,1+,February 2021[511],Robotics,United States,
Loft Brazil Technology [pt],1+,January 2020[512],Real estate,Brazil,
Lunar,1+,July 2021[513],Financial technology,Denmark,
Loggi [pt],1+,June 2019[citation needed],Logistics,Brazil,
Lookout,1+,August 2014[514],Cybersecurity,United States,
MadeiraMadeira [pt],1+,January 2021[515],Furniture,Brazil,
Maimai,1+,August 2018[516],,China,
Matrixport,1+,August 2021[517],Cryptocurrency,Singapore,
Meero,1+,June 2019[518],Internet,France,
Mensa Brands,1+,November 2021[519],E-commerce,India,
Mia.com,1+,October 2016[133],,China,
MindMaze,1+,February 2016[520],,Switzerland,
MobiKwik,1+,October 2021[521],Financial technology,India
MobileCoin,1+,August 2021[522],Cryptocurrency,United States,
Mobvoi,1+,October 2015[133],Artificial intelligence,China,
Mofang Apartment,1+,April 2016[133],,China,
Moglix,1+,May 2021[523],E-commerce,India / Singapore,Rahul Garg
Moka,1+,November 2021[524],Human resource management,China,
Morning Consult,1+,June 2021[525],,United States,
Ninja Van,1+,September 2021[526],Logistics,Singapore,
Nium,1+,July 2021[527],Financial technology,Singapore,
NoBroker,1+,November 2021[528],,India,"Akhil Gupta, Amit Agarwal, Saurabh Garg"
Numbrs,1+,August 2019[529],Financial technology,Switzerland,
Kredivo,1+,January 2022,Financial technology,Indonesia,
OCSiAl,1+,March 2019[530],Nanotechnology,Luxembourg,
Opn (Synqa),1+,May 2022[531],Financial technology,Japan,"Jun Hasegawa, Ezra Don Harinsut"
OrCam,1+,February 2018[532],Health,Israel,
PandaDoc,1+,September 2021[533],Software as a service,United States,"Mikita Mikado, Sergey Barysiuk"
Pantheon Systems,1+,July 2021[534],WebOps,United States,
PatSnap,1+,March 2021[535],Intellectual property,Singapore,
Perimeter 81,1,June 2022[536],Network security,Israel,"Sagi Gidali, Amit Bareket"
Picsart,1+,August 2021[537],Graphic design,Armenia / United States,"Hovhannes Avoyan, Artavazd Mehrabyan, Mikayel Vardanyan"
Pipedrive,1+,November 2020[538],Customer relationship management (CRM),Estonia / United States,
Playco,1+,September 2020[539],Mobile gaming,Japan,
"Printful, Inc",1+,May 2021[540],Technology,Latvia,
Redis Labs,1+,August 2020[541],Software,Israel / United States,
REEF Technology,1+,November 2020[542],Real estate technology,United States,
Quizlet,1+,May 2020[543],Educational technology,United States,
Revolution Precrafted,1+,October 2017[544],Architecture,Philippines,
Rubicon Global,1+,September 2017[545],Waste management,United States,
Sennder,1+,January 2021[546],Logistics,Germany,
Shift Technology,1+,May 2021[547],Artificial intelligence,France,
Shippo,1+,June 2021[548],,United States,"Laura Behrens Wu, Simon Kreuz"
Sift,1+,April 2021[549],Fraud prevention,United States,
Slice,1+,November 2021[550],Financial technology,India,
SmartAsset,1+,June 2021[551],Financial technology,United States,
SmartMore,1+,June 2021[552],Artificial intelligence,China,
Snapdeal,1+,May 2017[5],E-commerce,India,"Rohit Bansal, Kunal Bahl"
Socar,1+,October 2020[553],Car sharing,South Korea,
SoundHound,1+,May 2018[554],,United States,
Spendesk,1+,August 2022[104],Financial software,France,
Splashtop,1+,January 2021[555],Software,United States,
Staffbase,1.1,March 2022[556],Software as a service,Germany,"Frank Wolf, Lutz Gerlach, Martin Böhringer"
Swile,1+,October 2021[557],Financial services,France,
Synthesia,1+,June 2023[558],Artificial intelligence,United Kingdom,"Lourdes Agapito, Matthias Niessner, Victor Riparbelli, Steffen Tjerrild"
Tekion,1+,October 2020[559][560],Software as a service,United States,
Tenstorrent,1+,May 2021[561],Semiconductors,Canada,
Tezign,1+,October 2021[562],Software,China,
Tongdun Technology,1+,October 2017[133],,China,
Tractable,1+,June 2021[563],Artificial intelligence,United Kingdom,
Tresata,1+,October 2018[564],,United States,
TrueLayer,1+,September 2021[565],Financial technology,United Kingdom,
Trustly,1+,June 2020[566],Financial technology,Sweden,
Turo,1+,July 2019[567],Car sharing,United States,
Udacity,1+,November 2015[568],Education,United States,
Unisound,1+,July 2018[133],Technology,China,
Vagaro,1+,November 2021[569],Software as a service,United States,Fred Fady Helou
Vedantu,1+,September 2021[570],Educational technology,India,
Blibli,1+,December 2021,E-commerce,Indonesia,
Verbit,1+,June 2021[571],Software,Israel,
VerSe Innovation,1+,December 2020[572],Technology,India,Virendra Gupta
Visier,1+,June 2021[573],Technology,Canada,
volocopter,1+,March 2021[574],Transportation,Germany / France
Vox Media,1+,August 2015[575],Digital media,United States,
VTS,1+,May 2019[576],,United States,
Wacai.com,1+,July 2018[133],,China,
WeLab,1+,December 2019[577],Financial technology,Hong Kong,
Womai,1+,October 2015[133],,China,
Xendit,1+,September 2021[578],Financial technology,Indonesia
Xiaozhu.com,1+,November 2017[133],,China,
YH Global,1+,September 2017[133],Telecommunications,China,
Yidian Zixun,1+,October 2017[133],,China,
Yitu Technology,1+,July 2018[133],,China,
YunQuNa,1+,May 2021[579],Logistics,China,
Zenoti,1+,December 2020[580],Software company,India / United States,
Zhaogang.com,1+,July 2017[133],,China,
Zhuanzhuan,1+,April 2017[133],,China,
Zuoyebang,1+,July 2018[133],,China,
LINE MAN Wongnai,1+,September 2022[133],"E-commerce, Food delivery",Thailand,
ReliaQuest,1+,December 2021[581],Cybersecurity,United States,Brian Murphy
DANA,1+,September 2022,Financial technology,Indonesia,
Nagad,1+,July 2023[582][583],Mobile financial services,Bangladesh,Tanvir A Mishuk
Deezer,1,August 2022[104],Music,France,
Ecovadis,1,August 2022[104],"Environmental, social, and corporate governance",France,
Scandit,1,February 2022[584],Software,Switzerland,"Samuel Mueller, Christian Floerkemeier, Christof Roduner"
BlueVoyant,1+,February 2022[585],Cybersecurity,United States,"Jim Rosenthal, Chris Meissner, Jim Thompson, and Arun Sankaran"
Payhawk,1+,March 2022[586],Financial technology,Bulgaria,
Einride,1.44,April 2022[67],Technology,Sweden,
Voi,1+,April 2022[67],,Sweden,
Neo Financial,1,May 2022[587],Financial technology,Canada,"Andrew Chau, Jeff Adamson, Kris Read"
eFishery,1+,May 2023,Aquaculture,Indonesia,
Physics Wallah,1.1,June 2022[588],Educational technology,India,Alakh Pandey
OneCard,1.4+,July 2022[589],Financial technology,India,"Anurag Sinha, Rupesh Kumar, Vaibhav Hathi"
5ire,1.5+,July 2022[590],Technology,India,Pratik Gauri
